source,motion,subject,muscle,run,mode,speed,size,ave_range,ang_range,angular vel correlation,angular disp correlation
moca,bodyl,ya3m,cam1,1,all,slow,large,58.76516025856492,"0       0.000000
1       0.000000
2       0.000000
3       0.000000
4       0.105723
          ...   
3664    3.006953
3665    3.141074
3666    3.135383
3667    3.002217
3668    2.970815
Name: angles, Length: 3669, dtype: float64",0.6695194293561751,0.9684096401824133
moca,bodyl,ya3m,cam1,3,all,slow,large,56.79591792797768,"0       0.000000
1       0.000000
2       0.000000
3       0.000000
4       0.000000
          ...   
2216    8.403268
2217    8.401468
2218    8.379424
2219    8.379424
2220    8.399711
Name: angles, Length: 2221, dtype: float64",0.5025982000075864,0.9611097853626611
moca,bodyl,ya3m,cam1,2,all,slow,large,48.83594319560926,"0       0.000000
1       0.000000
2       0.000000
3       0.039025
4       0.013706
          ...   
2473    2.406427
2474    2.406427
2475    2.406427
2476    2.406427
2477    2.406427
Name: angles, Length: 2478, dtype: float64",0.5816404269042678,0.982758275435323
moca,bodyl,ya3m,cam1,1,all,fast,large,48.260218433999455,"0       0.000000
1       0.000000
2       0.109373
3       0.110583
4       0.110651
          ...   
3803    0.369356
3804    0.369356
3805    0.369356
3806    0.200089
3807    0.380165
Name: angles, Length: 3808, dtype: float64",0.9479369998564067,0.9650135575600167
moca,bodyl,ya3m,cam1,3,all,fast,large,45.705625078392906,"0       0.000000
1       0.000000
2       0.000000
3       0.000000
4       0.077137
          ...   
2489    2.753426
2490    2.753426
2491    2.753426
2492    2.908418
2493    2.908418
Name: angles, Length: 2494, dtype: float64",0.9359421719482047,0.9678842807962265
moca,bodyl,ya3m,cam1,2,all,fast,large,47.24252371402351,"0       0.000000
1       0.000000
2       0.000000
3       0.000000
4       0.175166
          ...   
2525    0.970267
2526    0.970267
2527    0.843220
2528    0.843220
2529    0.930638
Name: angles, Length: 2530, dtype: float64",0.8923665938995481,0.981352861885646
moca,bodyl,ssi2f,cam1,1,all,slow,large,42.11972309078512,"0       0.000000
1       0.000000
2       0.000000
3       0.086811
4       0.129624
          ...   
2627    1.336158
2628    1.336158
2629    1.335165
2630    1.336158
2631    1.336158
Name: angles, Length: 2632, dtype: float64",0.8193505371513619,0.9616266765503598
moca,bodyl,ssi2f,cam1,3,all,slow,large,47.57695903282091,"0       0.000000
1       0.037066
2       0.000000
3       0.036979
4       0.036979
          ...   
2493    0.073807
2494    0.193619
2495    0.191450
2496    0.147272
2497    0.433973
Name: angles, Length: 2498, dtype: float64",0.233657599295478,0.929199613344126
moca,bodyl,ssi2f,cam1,2,all,slow,large,39.84509712411807,"0       0.000000
1       0.136173
2       0.136173
3       0.135616
4       0.135616
          ...   
2606    1.624510
2607    1.624510
2608    1.626901
2609    1.663538
2610    1.736619
Name: angles, Length: 2611, dtype: float64",0.799784641869651,0.9370669053706135
moca,bodyl,ssi2f,cam1,1,all,fast,large,52.17147324321967,"0       0.000000
1       0.007737
2       0.000000
3       0.000000
4       0.071926
          ...   
2622    0.999455
2623    1.048298
2624    1.048298
2625    1.048298
2626    1.048298
Name: angles, Length: 2627, dtype: float64",0.2236598854552297,0.945015341228817
moca,bodyl,ssi2f,cam1,3,all,fast,large,47.81469406543499,"0       0.000000
1       0.032644
2       0.276453
3       0.204541
4       0.404545
          ...   
2477    2.581406
2478    2.460920
2479    2.455996
2480    2.418848
2481    2.405368
Name: angles, Length: 2482, dtype: float64",0.9304755705511185,0.9583235449435207
moca,bodyl,ssi2f,cam1,2,all,fast,large,49.401445412490034,"0       0.000000
1       0.042004
2       0.042004
3       0.174123
4       0.233736
          ...   
3414    4.284589
3415    4.298652
3416    4.298652
3417    4.221993
3418    4.221993
Name: angles, Length: 3419, dtype: float64",0.47482540169553894,0.9365863498704153
moca,bodyl,cg1f,cam1,1,all,slow,large,21.486090913245288,"0       0.000000
1       0.000000
2       0.119366
3       0.119366
4       0.119366
          ...   
2666    3.618518
2667    3.668936
2668    3.549822
2669    3.549822
2670    3.679856
Name: angles, Length: 2671, dtype: float64",0.7367440001182943,0.9544271375577396
moca,bodyl,cg1f,cam1,3,all,slow,large,30.380278266698184,"0       0.000000
1       0.000000
2       0.000000
3       0.000000
4       0.000000
          ...   
2706    3.621910
2707    3.621910
2708    3.621910
2709    3.633805
2710    3.784902
Name: angles, Length: 2711, dtype: float64",0.21162996024850847,0.9280096735842427
moca,bodyl,cg1f,cam1,2,all,slow,large,25.189699844861657,"0       0.000000
1       0.008960
2       0.024873
3       0.008960
4       0.164716
          ...   
2573    4.202579
2574    4.202579
2575    4.202579
2576    4.208384
2577    4.202579
Name: angles, Length: 2578, dtype: float64",0.7227745153943212,0.8396166715752572
moca,bodyl,cg1f,cam1,1,all,fast,large,92.22294674143993,"0       0.000000
1       0.000000
2       0.000000
3       0.054689
4       0.027268
          ...   
2049    4.767468
2050    4.767468
2051    4.767468
2052    4.639858
2053    4.639858
Name: angles, Length: 2054, dtype: float64",0.08896245829078744,0.5045507044808624
moca,bodyl,cg1f,cam1,3,all,fast,large,21.81713023323803,"0       0.000000
1       0.000000
2       0.000000
3       0.000000
4       0.178238
          ...   
2798    1.436839
2799    1.436839
2800    1.436839
2801    1.436839
2802    1.436839
Name: angles, Length: 2803, dtype: float64",0.743763127351721,0.9135190609163201
moca,bodyl,cg1f,cam1,2,all,fast,large,24.491931746048053,"0       0.000000
1       0.152432
2       0.110830
3       0.202758
4       0.011097
          ...   
2535    0.880048
2536    0.847086
2537    0.946105
2538    0.957149
2539    0.917286
Name: angles, Length: 2540, dtype: float64",0.9262958854522677,0.9086491634584875
moca,bodyl,gsp1m,cam2,1,all,slow,large,58.52479456254498,"0       0.000000
1       0.000000
2       0.000000
3       0.000000
4       0.000000
          ...   
3039    6.033311
3040    6.033311
3041    6.033311
3042    6.033311
3043    6.033311
Name: angles, Length: 3044, dtype: float64",0.590577966968835,0.978976596445664
moca,bodyl,gsp1m,cam2,3,all,slow,large,52.64494047375908,"0        0.000000
1        0.035563
2        0.000000
3        0.002367
4        0.082721
          ...    
3046    12.382477
3047    12.426863
3048    12.470813
3049    12.520496
3050    12.568498
Name: angles, Length: 3051, dtype: float64",0.919369601245318,0.9668381272719521
moca,bodyl,gsp1m,cam2,2,all,slow,large,58.898488694061356,"0       0.000000
1       0.000000
2       0.051450
3       0.002136
4       0.000000
          ...   
3045    4.518537
3046    4.518537
3047    4.512290
3048    4.518537
3049    4.398828
Name: angles, Length: 3050, dtype: float64",0.8953888483575998,0.9255969591964751
moca,bodyl,gsp1m,cam2,1,all,fast,large,56.84531322802424,"0       0.000000
1       0.000000
2       0.135586
3       0.086245
4       0.098776
          ...   
3120    7.563053
3121    7.436679
3122    7.436679
3123    7.436679
3124    7.329010
Name: angles, Length: 3125, dtype: float64",0.9011245787529963,0.8738225078154994
moca,bodyl,gsp1m,cam2,3,all,fast,large,50.489369487932905,"0       0.000000
1       0.050394
2       0.050394
3       0.050394
4       0.000000
          ...   
2965    4.308878
2966    4.309713
2967    4.310266
2968    4.309713
2969    4.310800
Name: angles, Length: 2970, dtype: float64",0.9695123905349453,0.9670331026061679
moca,bodyl,gsp1m,cam2,2,all,fast,large,54.702014013921186,"0       0.000000
1       0.306378
2       0.250488
3       0.246931
4       0.311189
          ...   
2982    7.355367
2983    7.194318
2984    7.194619
2985    7.194318
2986    7.193708
Name: angles, Length: 2987, dtype: float64",0.9035801066433287,0.9733846069626163
moca,bodyl,ch2m,cam2,1,all,slow,large,29.379918725842277,"0       0.000000
1       0.000000
2       0.105464
3       0.000000
4       0.105464
          ...   
2879    0.923517
2880    0.923517
2881    0.923517
2882    0.923517
2883    0.923517
Name: angles, Length: 2884, dtype: float64",0.028368068466348238,0.3753776777027447
moca,bodyl,ch2m,cam2,3,all,slow,large,28.606935527333746,"0       0.000000
1       0.001764
2       0.001764
3       0.001764
4       0.037559
          ...   
3097    1.812125
3098    1.812125
3099    1.812125
3100    1.718599
3101    1.718599
Name: angles, Length: 3102, dtype: float64",0.43189262045035964,0.9819422783485167
moca,bodyl,ch2m,cam2,2,all,slow,large,30.049442787111968,"0       0.000000
1       0.001398
2       0.145891
3       0.137253
4       0.137253
          ...   
3175    0.859354
3176    0.859354
3177    0.859354
3178    0.859354
3179    0.904282
Name: angles, Length: 3180, dtype: float64",0.8025671562875536,0.9770625584609308
moca,bodyl,ch2m,cam2,1,all,fast,large,49.97377151148196,"0       0.000000
1       0.000000
2       0.000000
3       0.000000
4       0.000000
          ...   
3416    0.097708
3417    0.097708
3418    0.092482
3419    0.092482
3420    0.092482
Name: angles, Length: 3421, dtype: float64",0.13175631754709782,0.7899225255912394
moca,bodyl,ch2m,cam2,3,all,fast,large,41.27802728534812,"0       0.000000
1       0.000000
2       0.000073
3       0.000073
4       0.000073
          ...   
3185    0.638563
3186    0.639019
3187    0.640141
3188    0.640745
3189    0.643785
Name: angles, Length: 3190, dtype: float64",0.2055086309775035,0.9303168147264426
moca,bodyl,ch2m,cam2,2,all,fast,large,43.30741335967772,"0       0.000000
1       0.000000
2       0.000625
3       0.000625
4       0.000625
          ...   
3174    0.708051
3175    0.708051
3176    0.708051
3177    0.708051
3178    0.708051
Name: angles, Length: 3179, dtype: float64",0.27927023626097197,0.9751011989947758
moca,shoulderfe,ya3m,cam1,1,all,slow,medium,157.67424533937998,"0       0.000000
1       0.026794
2       0.039132
3       0.070634
4       0.047673
          ...   
2675    4.219601
2676    4.211959
2677    4.211959
2678    4.211959
2679    4.219749
Name: angles, Length: 2680, dtype: float64",0.8071920680192853,0.9971742422990268
moca,shoulderfe,ya3m,cam1,3,all,slow,medium,160.946704051682,"0       0.000000
1       0.000000
2       0.000483
3       0.000643
4       0.000622
          ...   
2695    6.232231
2696    6.251298
2697    6.251298
2698    6.252784
2699    6.252784
Name: angles, Length: 2700, dtype: float64",0.46975788388972783,0.9940681921469677
moca,shoulderfe,ya3m,cam1,2,all,slow,medium,160.80505612256866,"0       0.000000
1       0.047715
2       0.074223
3       0.077313
4       0.137476
          ...   
2651    5.432154
2652    5.381259
2653    5.432154
2654    5.432154
2655    5.427966
Name: angles, Length: 2656, dtype: float64",0.53154333779951,0.9970736984029537
moca,shoulderfe,ya3m,cam1,1,all,fast,medium,158.93835356245012,"0         0.000000
1         0.000000
2         0.000000
3         0.000000
4         0.000705
           ...    
2573    132.833038
2574    132.833038
2575    132.745007
2576    132.758624
2577    132.745007
Name: angles, Length: 2578, dtype: float64",0.12893016669893245,0.5968673210269922
moca,shoulderfe,ya3m,cam1,3,all,fast,medium,152.1040778922234,"0       0.000000
1       0.005276
2       0.006583
3       0.005870
4       0.058453
          ...   
2556    6.424082
2557    6.418915
2558    6.453960
2559    6.428821
2560    6.480851
Name: angles, Length: 2561, dtype: float64",0.18669792139897576,0.8000000516866809
moca,shoulderfe,ya3m,cam1,2,all,fast,medium,158.16777026969038,"0       0.000000
1       0.000021
2       0.006610
3       0.010657
4       0.010649
          ...   
2701    6.114216
2702    6.106183
2703    6.200078
2704    6.173239
2705    6.173239
Name: angles, Length: 2706, dtype: float64",0.17940330847506775,0.8111898331107327
moca,shoulderfe,ssi2f,cam1,1,all,slow,medium,0.6950507578074664,"0      0.000000
1      0.000217
2      0.000540
3      0.000217
4      0.099875
         ...   
649    0.282031
650    0.282031
651    0.282031
652    0.282031
653    0.282031
Name: angles, Length: 654, dtype: float64",0.029619927217348553,0.34206283450798125
moca,shoulderfe,ssi2f,cam1,3,all,slow,medium,21.883476554676616,"0       0.000000
1       0.011865
2       0.005590
3       0.014809
4       0.019322
          ...   
2650    0.816462
2651    0.812036
2652    0.816462
2653    0.812036
2654    0.807642
Name: angles, Length: 2655, dtype: float64",0.1965520606187134,0.7447317768680489
moca,shoulderfe,ssi2f,cam1,2,all,slow,medium,16.541638791844257,"0       0.000000
1       0.029127
2       0.052841
3       0.080863
4       0.106768
          ...   
2641    0.774208
2642    0.774208
2643    0.736198
2644    0.744814
2645    0.741624
Name: angles, Length: 2646, dtype: float64",0.09915393758762839,0.6861774223484486
moca,shoulderfe,ssi2f,cam1,1,all,fast,medium,1.6291209660635246,"0       0.000000
1       0.001343
2       0.000023
3       0.000023
4       0.000383
          ...   
2687    0.227359
2688    0.227172
2689    0.225343
2690    0.224603
2691    0.225024
Name: angles, Length: 2692, dtype: float64",0.006696535145260263,0.5084089108065439
moca,shoulderfe,ssi2f,cam1,3,all,fast,medium,8.201032912969524,"0       0.000000
1       0.000052
2       0.000332
3       0.000000
4       0.000583
          ...   
2302    8.150137
2303    8.151662
2304    8.151662
2305    8.151796
2306    8.153712
Name: angles, Length: 2307, dtype: float64",0.11081811058489804,0.2999210352167869
moca,shoulderfe,ssi2f,cam1,2,all,fast,medium,4.89001339911546,"0       0.000000
1       0.000000
2       0.000028
3       0.000028
4       0.000000
          ...   
2313    4.676191
2314    4.676191
2315    4.677601
2316    4.677601
2317    4.677601
Name: angles, Length: 2318, dtype: float64",0.025227001700438366,0.3381551808027218
moca,shoulderfe,cg1f,cam1,1,all,slow,medium,152.31211396133432,"0       0.000000
1       0.014816
2       0.030144
3       0.058605
4       0.056616
          ...   
2427    1.283568
2428    1.283444
2429    1.283414
2430    1.344902
2431    1.344595
Name: angles, Length: 2432, dtype: float64",0.15748351701317817,0.9687863654342026
moca,shoulderfe,cg1f,cam1,3,all,slow,medium,155.16492378471105,"0       0.000000
1       0.003244
2       0.013179
3       0.003256
4       0.031100
          ...   
2419    6.151866
2420    6.150063
2421    6.183513
2422    6.165678
2423    6.153320
Name: angles, Length: 2424, dtype: float64",0.07896313443767812,0.913892626214371
moca,shoulderfe,cg1f,cam1,2,all,slow,medium,155.37505964986048,"0        0.000000
1        0.045121
2        0.028260
3        0.036023
4        0.045123
          ...    
2397    11.503642
2398    11.503158
2399    11.503158
2400    11.503158
2401    11.503158
Name: angles, Length: 2402, dtype: float64",0.05286690598698084,0.9000205711153119
moca,shoulderfe,cg1f,cam1,1,all,fast,medium,154.3751119271916,"0       0.000000
1       0.009179
2       0.039803
3       0.061023
4       0.085311
          ...   
2376    4.420613
2377    4.420938
2378    4.418966
2379    4.417095
2380    4.419004
Name: angles, Length: 2381, dtype: float64",0.40560319855455634,0.9674223899784716
moca,shoulderfe,cg1f,cam1,3,all,fast,medium,155.00625449229426,"0       0.000000
1       0.015060
2       0.022167
3       0.037791
4       0.037791
          ...   
2347    5.433364
2348    5.464402
2349    5.510775
2350    5.536482
2351    5.511919
Name: angles, Length: 2352, dtype: float64",0.22759523479284705,0.9305159294839895
moca,shoulderfe,cg1f,cam1,2,all,fast,medium,161.31021445894768,"0       0.000000
1       0.002424
2       0.002418
3       0.014585
4       0.012200
          ...   
2352    4.950549
2353    4.920777
2354    4.929731
2355    4.925439
2356    4.926786
Name: angles, Length: 2357, dtype: float64",0.21944352566873976,0.9412988829900389
moca,shoulderfe,gsp1m,cam1,1,all,slow,medium,156.75733588069886,"0       0.000000
1       0.009478
2       0.009301
3       0.008492
4       0.010047
          ...   
2649    0.201339
2650    0.221686
2651    0.257681
2652    0.304250
2653    0.311743
Name: angles, Length: 2654, dtype: float64",0.35874071240038197,0.9907524031112459
moca,shoulderfe,gsp1m,cam1,3,all,slow,medium,167.99373274775417,"0        0.000000
1        0.055870
2        0.054250
3        0.105111
4        0.119808
          ...    
2103    14.677933
2104    14.685050
2105    14.685746
2106    14.687233
2107    14.689943
Name: angles, Length: 2108, dtype: float64",0.07907711025719513,0.712493568542117
moca,shoulderfe,gsp1m,cam1,2,all,slow,medium,163.34851753950903,"0       0.000000
1       0.000141
2       0.011752
3       0.011024
4       0.010619
          ...   
2626    1.710646
2627    1.710838
2628    1.710838
2629    1.710838
2630    1.711379
Name: angles, Length: 2631, dtype: float64",0.38598591716847125,0.9583582214992303
moca,shoulderfe,gsp1m,cam1,1,all,fast,medium,132.8650373584673,"0        0.000000
1        3.512669
2        7.095061
3       10.653872
4       14.051558
          ...    
3593    29.491493
3594    29.594754
3595    29.727658
3596    29.818535
3597    29.920250
Name: angles, Length: 3598, dtype: float64",0.3474448222003446,0.9225304632296636
moca,shoulderfe,gsp1m,cam1,3,all,fast,medium,152.88124235126085,"0       0.000000
1       0.020295
2       0.020295
3       0.020294
4       0.020294
          ...   
2315    5.749267
2316    5.750454
2317    5.741801
2318    5.739478
2319    5.722460
Name: angles, Length: 2320, dtype: float64",0.23761343860315828,0.8878464218161899
moca,shoulderfe,gsp1m,cam1,2,all,fast,medium,155.49230995184746,"0       0.000000
1       0.042803
2       0.060236
3       0.053315
4       0.038198
          ...   
2212    2.709141
2213    2.694330
2214    2.712319
2215    2.718001
2216    2.694566
Name: angles, Length: 2217, dtype: float64",0.33959649198140823,0.9566955932279965
moca,shoulderfe,ch2m,cam1,1,all,slow,medium,170.8568628451546,"0        0.000000
1        0.021132
2        0.021132
3        0.081590
4        0.081590
          ...    
1937    36.558692
1938    36.550729
1939    36.557131
1940    36.551936
1941    36.561737
Name: angles, Length: 1942, dtype: float64",0.24890101480302607,0.820132844591035
moca,shoulderfe,ch2m,cam1,3,all,slow,medium,174.46127421265777,"0        0.000000
1        0.000000
2        0.081312
3        0.081346
4        0.081334
          ...    
2581    39.116827
2582    39.134011
2583    39.125081
2584    39.128509
2585    39.100931
Name: angles, Length: 2586, dtype: float64",0.05245820957474389,0.8465046184710765
moca,shoulderfe,ch2m,cam1,2,all,slow,medium,168.6322042407847,"0        0.000000
1        0.000000
2        0.000000
3        0.000000
4        0.006714
          ...    
2520    37.093875
2521    37.135256
2522    37.099634
2523    37.105528
2524    37.136833
Name: angles, Length: 2525, dtype: float64",0.07794551095732234,0.9093961954493025
moca,shoulderfe,ch2m,cam1,1,all,fast,medium,179.7095579863161,"0        0.000000
1        0.000000
2        0.000000
3        0.025331
4        0.025331
          ...    
2263    38.929282
2264    38.959795
2265    38.987640
2266    38.988070
2267    39.007266
Name: angles, Length: 2268, dtype: float64",0.13769387136413552,0.8291615944193766
moca,shoulderfe,ch2m,cam1,2,all,fast,medium,177.32113803936815,"0        0.000000
1        0.030169
2        0.030178
3        0.000000
4        0.030171
          ...    
2421    36.857378
2422    36.861808
2423    36.864099
2424    36.882948
2425    36.910001
Name: angles, Length: 2426, dtype: float64",0.17242707083646217,0.8170452582096642
moca,bicepc,ya3m,cam1,1,all,slow,medium,119.61481577614808,"0       0.000000
1       0.064028
2       0.030178
3       0.043239
4       0.041581
          ...   
2434    2.150760
2435    2.105105
2436    2.096666
2437    2.164277
2438    2.204643
Name: angles, Length: 2439, dtype: float64",0.9313471629045688,0.9781058392643757
moca,bicepc,ya3m,cam1,3,all,slow,medium,126.16263594451414,"0       0.000000
1       0.000000
2       0.053344
3       0.050099
4       0.059839
          ...   
2178    5.589497
2179    5.568203
2180    5.575165
2181    5.570435
2182    5.591729
Name: angles, Length: 2183, dtype: float64",0.964888190475343,0.9869128292729872
moca,bicepc,ya3m,cam1,2,all,slow,medium,122.19116819143316,"0       0.000000
1       0.001743
2       0.058100
3       0.058100
4       0.058100
          ...   
2196    2.106759
2197    2.060448
2198    2.082135
2199    2.091465
2200    2.082135
Name: angles, Length: 2201, dtype: float64",0.9756925515673821,0.9919311475651712
moca,bicepc,ya3m,cam1,1,all,fast,medium,122.32025354969528,"0       0.000000
1       0.034968
2       0.060415
3       0.003225
4       0.050084
          ...   
2234    0.402854
2235    0.301951
2236    0.424573
2237    0.407216
2238    0.407216
Name: angles, Length: 2239, dtype: float64",0.9457024987125604,0.9016008612910807
moca,bicepc,ya3m,cam1,3,all,fast,medium,120.60102140527341,"0       0.000000
1       0.053420
2       0.043555
3       0.056998
4       0.014098
          ...   
2311    1.336016
2312    1.372083
2313    1.351190
2314    1.314491
2315    1.342178
Name: angles, Length: 2316, dtype: float64",0.9735703935059796,0.9674397108619651
moca,bicepc,ya3m,cam1,2,all,fast,medium,122.29548928925617,"0       0.000000
1       0.052270
2       0.075124
3       0.096741
4       0.102024
          ...   
2233    0.904684
2234    0.873986
2235    0.903833
2236    0.975021
2237    0.981355
Name: angles, Length: 2238, dtype: float64",0.8437117977141712,0.9820389475991416
moca,bicepc,ssi2f,cam1,1,all,slow,medium,109.82235219030814,"0       0.000000
1       0.014387
2       0.018371
3       0.018371
4       0.010526
          ...   
2256    2.518445
2257    2.379572
2258    2.488421
2259    2.413176
2260    2.430859
Name: angles, Length: 2261, dtype: float64",0.8907126880132742,0.9898518884387563
moca,bicepc,ssi2f,cam1,3,all,slow,medium,106.58890467042217,"0       0.000000
1       0.023261
2       0.128751
3       0.023261
4       0.041174
          ...   
2531    2.134162
2532    2.274265
2533    2.229615
2534    2.172523
2535    2.242276
Name: angles, Length: 2536, dtype: float64",0.9448111726839651,0.9873173826832069
moca,bicepc,ssi2f,cam1,2,all,slow,medium,107.25404317911955,"0       0.000000
1       0.019093
2       0.006095
3       0.012869
4       0.059632
          ...   
2354    3.182969
2355    3.261574
2356    3.152507
2357    3.196428
2358    3.241672
Name: angles, Length: 2359, dtype: float64",0.9031287899195165,0.9985921256286094
moca,bicepc,ssi2f,cam1,1,all,fast,medium,114.7949222728324,"0       0.000000
1       0.032217
2       0.013392
3       0.038544
4       0.045913
          ...   
2338    0.874103
2339    0.734661
2340    0.606658
2341    0.629251
2342    0.536997
Name: angles, Length: 2343, dtype: float64",0.6899033471582431,0.9601238148938533
moca,bicepc,ssi2f,cam1,3,all,fast,medium,147.48899378325694,"0       0.000000
1       0.000000
2       0.028144
3       0.028144
4       0.098956
          ...   
2451    4.956277
2452    4.887261
2453    4.938795
2454    5.011708
2455    5.164178
Name: angles, Length: 2456, dtype: float64",0.4647609673375427,0.9930418555386891
moca,bicepc,ssi2f,cam1,2,all,fast,medium,121.43530993416769,"0       0.000000
1       0.000000
2       0.053737
3       0.019902
4       0.053737
          ...   
2510    1.808545
2511    1.867084
2512    1.832423
2513    1.899382
2514    1.858891
Name: angles, Length: 2515, dtype: float64",0.8546586003800015,0.8933235725189556
moca,bicepc,cg1f,cam1,1,all,slow,medium,116.69306953346783,"0       0.000000
1       0.023674
2       0.003117
3       0.010031
4       0.003117
          ...   
2287    2.437565
2288    2.436012
2289    2.436012
2290    2.457491
2291    2.459044
Name: angles, Length: 2292, dtype: float64",0.2642549251232913,0.9963384040046966
moca,bicepc,cg1f,cam1,3,all,slow,medium,114.24259846736703,"0       0.000000
1       0.015060
2       0.010241
3       0.061821
4       0.061821
          ...   
2150    6.396720
2151    6.354372
2152    6.321592
2153    6.281419
2154    6.321592
Name: angles, Length: 2155, dtype: float64",0.9752999762905017,0.9982059750914335
moca,bicepc,cg1f,cam1,2,all,slow,medium,113.38387901298219,"0       0.000000
1       0.005764
2       0.003018
3       0.017417
4       0.008604
          ...   
2135    3.961254
2136    4.160313
2137    4.152200
2138    4.160313
2139    4.169386
Name: angles, Length: 2140, dtype: float64",0.977183703708315,0.9959920950919093
moca,bicepc,cg1f,cam1,1,all,fast,medium,110.6460570593818,"0       0.000000
1       0.000000
2       0.119290
3       0.134108
4       0.007538
          ...   
2251    1.052107
2252    1.137409
2253    1.152236
2254    1.134192
2255    1.120444
Name: angles, Length: 2256, dtype: float64",0.9754722724620333,0.9928504805506755
moca,bicepc,cg1f,cam1,3,all,fast,medium,114.37943176649273,"0       0.000000
1       0.000000
2       0.003763
3       0.026554
4       0.012810
          ...   
2264    0.568899
2265    0.511127
2266    0.463382
2267    0.368813
2268    0.468557
Name: angles, Length: 2269, dtype: float64",0.9878894422688538,0.9907582746381443
moca,bicepc,cg1f,cam1,2,all,fast,medium,117.61560309437348,"0       0.000000
1       0.011976
2       0.005581
3       0.015672
4       0.015672
          ...   
2131    3.009833
2132    3.009833
2133    3.009833
2134    3.009833
2135    2.895528
Name: angles, Length: 2136, dtype: float64",0.9824735775374629,0.9910822013255801
moca,bicepc,gsp1m,cam1,1,all,slow,medium,110.27656367095207,"0       0.000000
1       0.000000
2       0.038674
3       0.038674
4       0.038674
          ...   
2574    0.756534
2575    0.756558
2576    0.715143
2577    0.686583
2578    0.686583
Name: angles, Length: 2579, dtype: float64",0.8661409844495842,0.996263650914111
moca,bicepc,gsp1m,cam1,3,all,slow,medium,109.30370020035039,"0       0.000000
1       0.000000
2       0.001498
3       0.051950
4       0.081250
          ...   
2499    0.156001
2500    0.222919
2501    0.222919
2502    0.222919
2503    0.263943
Name: angles, Length: 2504, dtype: float64",0.8665894031831857,0.9966787250310793
moca,bicepc,gsp1m,cam1,2,all,slow,medium,114.04716406916096,"0       0.000000
1       0.070848
2       0.122048
3       0.122048
4       0.122048
          ...   
2531    0.303581
2532    0.303581
2533    0.303581
2534    0.262716
2535    0.262716
Name: angles, Length: 2536, dtype: float64",0.7584625346018378,0.9942736651942745
moca,bicepc,gsp1m,cam1,1,all,fast,medium,111.6777501899115,"0       0.000000
1       0.000000
2       0.021620
3       0.009582
4       0.000000
          ...   
2639    1.097554
2640    1.097554
2641    1.097554
2642    1.097554
2643    1.097554
Name: angles, Length: 2644, dtype: float64",0.7188011019053343,0.9884807804392356
moca,bicepc,gsp1m,cam1,3,all,fast,medium,108.86477291358298,"0       0.000000
1       0.000000
2       0.000000
3       0.000000
4       0.007465
          ...   
2558    0.246006
2559    0.246006
2560    0.246006
2561    0.246006
2562    0.246006
Name: angles, Length: 2563, dtype: float64",0.42627259984994903,0.9854231395259851
moca,bicepc,gsp1m,cam1,2,all,fast,medium,113.16080971218057,"0       0.000000
1       0.000000
2       0.000000
3       0.000000
4       0.000000
          ...   
2445    1.452815
2446    1.405985
2447    1.298999
2448    1.243277
2449    1.243277
Name: angles, Length: 2450, dtype: float64",0.7056923881415779,0.9894632983514464
moca,bicepc,ch2m,cam1,1,all,slow,medium,103.1095574797379,"0       0.000000
1       0.000000
2       0.000000
3       0.000000
4       0.000000
          ...   
2326    0.358597
2327    0.424563
2328    0.432176
2329    0.437997
2330    0.437997
Name: angles, Length: 2331, dtype: float64",0.8642071074496759,0.9837765875020762
moca,bicepc,ch2m,cam1,3,all,slow,medium,107.21565718395553,"0       0.000000
1       0.000000
2       0.000000
3       0.000000
4       0.000000
          ...   
2319    2.196396
2320    2.196396
2321    2.196396
2322    2.196396
2323    2.196396
Name: angles, Length: 2324, dtype: float64",0.9306484083890927,0.9836770319245839
moca,bicepc,ch2m,cam1,2,all,slow,medium,102.42443409607479,"0       0.000000
1       0.000000
2       0.000000
3       0.000000
4       0.000000
          ...   
2339    3.976255
2340    3.947204
2341    3.962943
2342    3.899929
2343    3.899212
Name: angles, Length: 2344, dtype: float64",0.945261344785779,0.9854507087168349
moca,bicepc,ch2m,cam1,1,all,fast,medium,109.27874847467648,"0       0.000000
1       0.000000
2       0.000000
3       0.037023
4       0.062083
          ...   
2283    1.841649
2284    1.841649
2285    1.841649
2286    1.841649
2287    1.841649
Name: angles, Length: 2288, dtype: float64",0.3051113206317422,0.9545488041655852
moca,bicepc,ch2m,cam1,3,all,fast,medium,111.1386273364295,"0       0.000000
1       0.000000
2       0.000000
3       0.000000
4       0.004666
          ...   
2256    0.802001
2257    0.802001
2258    0.802001
2259    0.802001
2260    0.802001
Name: angles, Length: 2261, dtype: float64",0.39408145276261275,0.9659092358279422
moca,bicepc,ch2m,cam1,2,all,fast,medium,129.7510142557536,"0       0.000000
1       0.000000
2       0.000000
3       0.022451
4       0.022451
          ...   
2149    0.716542
2150    0.716542
2151    0.716542
2152    0.716542
2153    0.716542
Name: angles, Length: 2154, dtype: float64",0.2054417380383739,0.9279044488165974
moca,bicepc,es3f,cam1,1,all,slow,medium,111.45930789834225,"0       0.000000
1       0.045897
2       0.041076
3       0.003995
4       0.017625
          ...   
2672    2.847645
2673    2.847994
2674    2.847994
2675    2.847645
2676    2.872383
Name: angles, Length: 2677, dtype: float64",0.9572146918874501,0.9945425664476585
moca,bicepc,es3f,cam1,3,all,slow,medium,112.01704868251629,"0        0.000000
1        0.092847
2        0.041062
3        0.045594
4        0.075404
          ...    
2783    17.508246
2784    17.476874
2785    17.476874
2786    17.476874
2787    17.474223
Name: angles, Length: 2788, dtype: float64",0.9634612948301473,0.9896037788214537
moca,bicepc,es3f,cam1,2,all,slow,medium,109.0427624552819,"0       0.000000
1       0.050044
2       0.045989
3       0.104704
4       0.100570
          ...   
2763    3.029237
2764    2.834051
2765    2.806582
2766    2.903676
2767    2.851402
Name: angles, Length: 2768, dtype: float64",0.9632714654528483,0.9862289385497891
moca,bicepc,es3f,cam1,1,all,fast,medium,108.41259761273993,"0       0.000000
1       0.137805
2       0.012909
3       0.107073
4       0.096507
          ...   
2797    0.017274
2798    0.015746
2799    0.016740
2800    0.079994
2801    0.063064
Name: angles, Length: 2802, dtype: float64",0.8979534888636538,0.8315571960924216
moca,bicepc,es3f,cam1,3,all,fast,medium,107.28145224512166,"0       0.000000
1       0.015518
2       0.055485
3       0.027195
4       0.014826
          ...   
2751    0.657888
2752    0.661065
2753    0.627358
2754    0.662768
2755    0.622171
Name: angles, Length: 2756, dtype: float64",0.9594705870909164,0.9137705068355183
moca,bicepc,es3f,cam1,2,all,fast,medium,109.94594982022883,"0        0.000000
1        0.078550
2        0.200452
3        0.159093
4        0.261528
          ...    
2833    97.930645
2834    97.902316
2835    97.988389
2836    97.923517
2837    97.948644
Name: angles, Length: 2838, dtype: float64",0.958367796416026,0.9253556466151033
moca,chestaa,ya3m,cam1,1,all,slow,medium,172.07259631256937,"0        0.000000
1        0.000000
2        0.009628
3        0.005673
4        0.036444
          ...    
2592    17.755257
2593    17.755257
2594    17.763904
2595    17.763904
2596    17.763904
Name: angles, Length: 2597, dtype: float64",0.026074027121208935,0.5939695943329333
moca,chestaa,ya3m,cam1,3,all,slow,medium,146.1769635324601,"0       0.000000
1       0.000000
2       0.000026
3       0.026395
4       0.024443
          ...   
2466    2.137444
2467    2.181436
2468    2.182025
2469    2.210119
2470    2.202496
Name: angles, Length: 2471, dtype: float64",0.8990786488402086,0.9871201900836843
moca,chestaa,ya3m,cam1,2,all,slow,medium,141.95389069871908,"0       0.000000
1       0.071176
2       0.071191
3       0.064265
4       0.064265
          ...   
2531    4.552547
2532    4.552547
2533    4.552547
2534    4.584246
2535    4.599781
Name: angles, Length: 2536, dtype: float64",0.8136170929062866,0.8338803129924042
moca,chestaa,ya3m,cam1,1,all,fast,medium,152.40507817538156,"0        0.000000
1        0.000000
2        0.000000
3        0.022554
4        0.022554
          ...    
2558    18.219067
2559    18.146035
2560    18.105409
2561    18.105409
2562    18.079487
Name: angles, Length: 2563, dtype: float64",0.6262638792049561,0.9895050037250563
moca,chestaa,ya3m,cam1,3,all,fast,medium,130.84968843174448,"0        0.000000
1        0.058197
2        0.017436
3        0.023493
4        0.044472
          ...    
2693    58.277131
2694    58.277131
2695    58.284977
2696    58.292038
2697    58.292038
Name: angles, Length: 2698, dtype: float64",0.3872277070499296,0.5721615037324369
moca,chestaa,ya3m,cam1,2,all,fast,medium,169.25583709724194,"0        0.000000
1        0.026909
2        0.040022
3        0.026909
4        0.032600
          ...    
2421    10.376445
2422    10.374096
2423    10.347897
2424    10.347897
2425    10.286655
Name: angles, Length: 2426, dtype: float64",0.3698606563866096,0.9880930443194875
moca,chestaa,ssi2f,cam1,1,all,slow,medium,152.47490572327308,"0       0.000000
1       0.029147
2       0.026354
3       0.102398
4       0.105902
          ...   
2634    0.369970
2635    0.278112
2636    0.240112
2637    0.253459
2638    0.294131
Name: angles, Length: 2639, dtype: float64",0.5063527458253573,0.9657812688409945
moca,chestaa,ssi2f,cam1,3,all,slow,medium,174.378343331486,"0       0.000000
1       0.000000
2       0.067816
3       0.159854
4       0.213148
          ...   
2442    0.317522
2443    0.324529
2444    0.349392
2445    0.373779
2446    0.447999
Name: angles, Length: 2447, dtype: float64",0.3253063918075234,0.9773524273699037
moca,chestaa,ssi2f,cam1,2,all,slow,medium,165.10525623603763,"0       0.000000
1       0.028691
2       0.128506
3       0.180361
4       0.235883
          ...   
2750    2.320895
2751    2.386687
2752    2.431119
2753    2.459418
2754    2.505704
Name: angles, Length: 2755, dtype: float64",0.36759840857971676,0.9898320947720411
moca,chestaa,ssi2f,cam1,1,all,fast,medium,159.78464333245793,"0       0.000000
1       0.036172
2       0.065395
3       0.067427
4       0.076367
          ...   
2500    1.704093
2501    1.809939
2502    1.897887
2503    1.935243
2504    2.005808
Name: angles, Length: 2505, dtype: float64",0.6927796639375097,0.9630069253928242
moca,chestaa,ssi2f,cam1,3,all,fast,medium,176.63754121072748,"0       0.000000
1       0.017877
2       0.023649
3       0.029956
4       0.021268
          ...   
3623    1.218671
3624    1.241567
3625    1.332195
3626    1.405122
3627    1.480839
Name: angles, Length: 3628, dtype: float64",0.21844245011081148,0.8161391713584775
moca,chestaa,ssi2f,cam1,2,all,fast,medium,179.99167791938518,"0        0.000000
1        0.012386
2        0.012789
3        0.050753
4        0.093202
          ...    
2489    10.490885
2490    10.450301
2491    10.428552
2492    10.431397
2493    10.383638
Name: angles, Length: 2494, dtype: float64",0.16251893806960552,0.7928447430996937
moca,chestaa,cg1f,cam1,1,all,slow,medium,92.31058495644332,"0       0.000000
1       0.011617
2       0.022513
3       0.022538
4       0.040148
          ...   
2422    0.363650
2423    0.376789
2424    0.376961
2425    0.376961
2426    0.376789
Name: angles, Length: 2427, dtype: float64",0.9417858221566829,0.992521899308513
moca,chestaa,cg1f,cam1,3,all,slow,medium,102.73318974719912,"0        0.000000
1        0.000000
2        0.034339
3        0.034322
4        0.142750
          ...    
2361    13.293450
2362    13.293450
2363    13.299713
2364    13.290503
2365    13.318402
Name: angles, Length: 2366, dtype: float64",0.6818041444803808,0.9973388153111175
moca,chestaa,cg1f,cam1,2,all,slow,medium,106.42879368923953,"0       0.000000
1       0.015762
2       0.022782
3       0.022811
4       0.017203
          ...   
2336    9.454353
2337    9.404625
2338    9.421189
2339    9.421189
2340    9.384139
Name: angles, Length: 2341, dtype: float64",0.2384771341868953,0.9899147928960595
moca,chestaa,cg1f,cam1,1,all,fast,medium,106.82729437422856,"0       0.000000
1       0.017393
2       0.029607
3       0.053094
4       0.053094
          ...   
2349    9.710307
2350    9.703253
2351    9.596424
2352    9.560710
2353    9.539745
Name: angles, Length: 2354, dtype: float64",0.9785553878172056,0.9799474396200778
moca,chestaa,cg1f,cam1,3,all,fast,medium,107.18149224957791,"0       0.000000
1       0.005304
2       0.006113
3       0.033880
4       0.045866
          ...   
2580    6.651414
2581    6.623347
2582    6.620475
2583    6.625383
2584    6.613148
Name: angles, Length: 2585, dtype: float64",0.7657813516350062,0.9042147010910391
moca,chestaa,cg1f,cam1,2,all,fast,medium,100.74327943517171,"0       0.000000
1       0.000000
2       0.000000
3       0.000000
4       0.094333
          ...   
2348    6.715921
2349    6.723902
2350    6.730754
2351    6.718482
2352    6.716656
Name: angles, Length: 2353, dtype: float64",0.7828029837513132,0.9860621706495654
moca,chestaa,gsp1m,cam1,1,all,slow,medium,96.4138599494774,"0       0.000000
1       0.000000
2       0.005771
3       0.037977
4       0.092395
          ...   
2432    2.211379
2433    2.103230
2434    2.075320
2435    2.038802
2436    2.019252
Name: angles, Length: 2437, dtype: float64",0.8369575319435759,0.9887651275514969
moca,chestaa,gsp1m,cam1,3,all,slow,medium,105.3799981331879,"0       0.000000
1       0.003965
2       0.026077
3       0.026076
4       0.026077
          ...   
2451    0.583862
2452    0.646316
2453    0.738923
2454    0.805258
2455    0.904199
Name: angles, Length: 2456, dtype: float64",0.4005910256607958,0.9909143425016607
moca,chestaa,gsp1m,cam1,2,all,slow,medium,104.46524381170843,"0       0.000000
1       0.048157
2       0.073216
3       0.064214
4       0.119109
          ...   
2522    3.956822
2523    3.956822
2524    3.956822
2525    3.956822
2526    3.956822
Name: angles, Length: 2527, dtype: float64",0.8929294512262029,0.9966249690751574
moca,chestaa,gsp1m,cam1,1,all,fast,medium,97.67493964841664,"0       0.000000
1       0.000000
2       0.000000
3       0.051403
4       0.051418
          ...   
2557    0.019807
2558    0.019807
2559    0.019807
2560    0.019608
2561    0.019807
Name: angles, Length: 2562, dtype: float64",0.674577570005605,0.9536207307479473
moca,chestaa,gsp1m,cam1,3,all,fast,medium,101.11133841547156,"0       0.000000
1       0.000000
2       0.028098
3       0.028098
4       0.028098
          ...   
2456    4.085472
2457    4.085472
2458    4.085472
2459    4.085816
2460    4.085816
Name: angles, Length: 2461, dtype: float64",0.26885186061303135,0.9207403557345754
moca,chestaa,gsp1m,cam1,2,all,fast,medium,100.99941752452229,"0       0.000000
1       0.034254
2       0.066818
3       0.118903
4       0.118883
          ...   
2556    4.344914
2557    4.344914
2558    4.344914
2559    4.368952
2560    4.366016
Name: angles, Length: 2561, dtype: float64",0.5599342162008595,0.9420219941647233
moca,chestaa,ch2m,cam1,1,all,slow,medium,79.10864266038139,"0       0.000000
1       0.028769
2       0.028769
3       0.028769
4       0.058472
          ...   
2718    4.702762
2719    4.740146
2720    4.740146
2721    4.804738
2722    4.830871
Name: angles, Length: 2723, dtype: float64",0.4677915794862857,0.9796124435041372
moca,chestaa,ch2m,cam1,3,all,slow,medium,100.51490105765102,"0       0.000000
1       0.024375
2       0.045850
3       0.075775
4       0.112817
          ...   
2823    1.867585
2824    1.867585
2825    1.868836
2826    1.825270
2827    1.811589
Name: angles, Length: 2828, dtype: float64",0.9703742803918871,0.9947283002625187
moca,chestaa,ch2m,cam1,2,all,slow,medium,96.87164579103302,"0       0.000000
1       0.000000
2       0.008658
3       0.031523
4       0.047781
          ...   
2703    3.345534
2704    3.340625
2705    3.315372
2706    3.324237
2707    3.325595
Name: angles, Length: 2708, dtype: float64",0.9295643305579676,0.9880244380942136
moca,chestaa,ch2m,cam1,1,all,fast,medium,89.29557889242447,"0       0.000000
1       0.010535
2       0.033189
3       0.075846
4       0.102025
          ...   
2742    2.386182
2743    2.344522
2744    2.344536
2745    2.344418
2746    2.344385
Name: angles, Length: 2747, dtype: float64",0.7735876344981358,0.9611743318976567
moca,chestaa,ch2m,cam1,3,all,fast,medium,89.26430780205882,"0       0.000000
1       0.000000
2       0.000000
3       0.002399
4       0.048089
          ...   
2711    7.689631
2712    7.706906
2713    7.706906
2714    7.760544
2715    7.760544
Name: angles, Length: 2716, dtype: float64",0.9303577609877908,0.9908483710508709
moca,chestaa,ch2m,cam1,2,all,fast,medium,102.66969368789069,"0       0.000000
1       0.060508
2       0.094836
3       0.123679
4       0.123549
          ...   
2723    0.341271
2724    0.377602
2725    0.392802
2726    0.386015
2727    0.454114
Name: angles, Length: 2728, dtype: float64",0.7275603250309703,0.9915485129500254
moca,chestaa,es3f,cam1,1,all,slow,medium,89.82894094513537,"0       0.000000
1       0.009127
2       0.041487
3       0.009911
4       0.076349
          ...   
2760    9.284217
2761    9.287702
2762    9.308041
2763    9.308041
2764    9.308041
Name: angles, Length: 2765, dtype: float64",0.6373328951885747,0.9987338124120718
moca,chestaa,es3f,cam1,3,all,slow,medium,121.23368417097919,"0        0.000000
1        0.051899
2        0.115394
3        0.062360
4        0.062360
          ...    
563    118.814979
564    118.862250
565    118.862250
566    118.862250
567    118.862250
Name: angles, Length: 568, dtype: float64",0.009770824956323736,0.7035032225658854
moca,chestaa,es3f,cam1,2,all,slow,medium,84.0402679118567,"0       0.000000
1       0.030515
2       0.058327
3       0.030515
4       0.030515
          ...   
2581    2.407987
2582    2.398233
2583    2.318235
2584    2.269337
2585    2.210023
Name: angles, Length: 2586, dtype: float64",0.8212561569411941,0.9796929221140322
moca,chestaa,es3f,cam1,1,all,fast,medium,97.59785768661675,"0       0.000000
1       0.000000
2       0.000000
3       0.000000
4       0.000005
          ...   
2752    7.255245
2753    7.255245
2754    7.263383
2755    7.263287
2756    7.263383
Name: angles, Length: 2757, dtype: float64",0.7764881081339353,0.9712351406184393
moca,chestaa,es3f,cam1,3,all,fast,medium,179.62995251698817,"0       0.000000
1       0.000000
2       0.000000
3       0.000000
4       0.390789
          ...   
2717    5.622587
2718    5.622587
2719    5.623849
2720    5.623849
2721    5.623849
Name: angles, Length: 2722, dtype: float64",0.12264184889216662,0.8053740340919849
moca,chestaa,es3f,cam1,2,all,fast,medium,82.1352692963348,"0       0.000000
1       0.000000
2       0.028359
3       0.199407
4       0.199407
          ...   
2692    0.685146
2693    0.644163
2694    0.580408
2695    0.561989
2696    0.570002
Name: angles, Length: 2697, dtype: float64",0.2547827378252319,0.9178436019796757
moca,fingerp,ya3m,cam1,1,all,slow,small,16.641899377357277,"0       0.000000
1       0.009922
2       0.034556
3       0.000009
4       0.000645
          ...   
2495    2.037995
2496    2.041495
2497    2.095105
2498    2.155836
2499    2.176090
Name: angles, Length: 2500, dtype: float64",0.6645872239080636,0.37009067049210476
moca,fingerp,ya3m,cam1,3,all,slow,small,26.136517748365996,"0       0.000000
1       0.008490
2       0.093465
3       0.096154
4       0.100075
          ...   
2188    4.589402
2189    4.502329
2190    4.497057
2191    4.464536
2192    4.407590
Name: angles, Length: 2193, dtype: float64",0.52464840103763,0.8751488581035968
moca,fingerp,ya3m,cam1,2,all,slow,small,21.996099812782358,"0       0.000000
1       0.035983
2       0.056389
3       0.026826
4       0.035674
          ...   
2324    4.917503
2325    4.936487
2326    4.959876
2327    4.862343
2328    4.809164
Name: angles, Length: 2329, dtype: float64",0.6968452975604336,0.8861569021714883
moca,fingerp,ya3m,cam1,1,all,fast,small,22.325753857288657,"0        0.000000
1        0.045245
2        0.044920
3        0.023096
4        0.065798
          ...    
2348    20.652417
2349    20.658066
2350    20.662113
2351    20.661596
2352    20.663833
Name: angles, Length: 2353, dtype: float64",0.4840044135566876,0.7876816657164738
moca,fingerp,ya3m,cam1,3,all,fast,small,22.02132983651053,"0       0.000000
1       0.002539
2       0.007675
3       0.033925
4       0.025062
          ...   
2226    4.537311
2227    4.532981
2228    4.528133
2229    4.528306
2230    4.548585
Name: angles, Length: 2231, dtype: float64",0.5598078213321401,0.7959655246552505
moca,fingerp,ya3m,cam1,2,all,fast,small,20.724906907449828,"0        0.000000
1        0.129664
2        0.030573
3        0.063080
4        0.000839
          ...    
2392    19.199316
2393    19.228232
2394    19.219585
2395    19.206346
2396    19.282755
Name: angles, Length: 2397, dtype: float64",0.5976828598343789,0.852600018385114
moca,fingerp,ssi2f,cam1,1,all,slow,small,44.107452325634526,"0       0.000000
1       0.217203
2       0.079530
3       0.106373
4       0.030805
          ...   
2187    4.893916
2188    4.894386
2189    4.894386
2190    4.890805
2191    4.890162
Name: angles, Length: 2192, dtype: float64",0.41812944884021064,0.7837847368626962
moca,fingerp,ssi2f,cam1,3,all,slow,small,25.594336820575087,"0        0.000000
1        0.005156
2        0.070633
3        0.030281
4        0.054030
          ...    
2069    22.058434
2070    22.029586
2071    22.029586
2072    22.029586
2073    22.029586
Name: angles, Length: 2074, dtype: float64",0.37285666421212393,0.62847001414406
moca,fingerp,ssi2f,cam1,2,all,slow,small,53.0302039361075,"0       0.000000
1       0.021943
2       0.054755
3       0.093640
4       0.024395
          ...   
2289    1.642080
2290    1.661799
2291    1.627635
2292    1.661400
2293    1.417657
Name: angles, Length: 2294, dtype: float64",0.5003061961507845,0.8557798891015185
moca,fingerp,ssi2f,cam1,1,all,fast,small,52.72829612001399,"0        0.000000
1        0.146720
2        0.172251
3        0.163749
4        0.224625
          ...    
2193    25.323596
2194    25.317750
2195    25.317321
2196    25.321470
2197    25.321470
Name: angles, Length: 2198, dtype: float64",0.4389321384764728,0.5942469811987212
moca,fingerp,ssi2f,cam1,3,all,fast,small,42.169267558440545,"0       0.000000
1       0.000000
2       0.104383
3       0.007366
4       0.008817
          ...   
2154    2.008290
2155    2.057303
2156    2.062937
2157    2.081903
2158    2.081334
Name: angles, Length: 2159, dtype: float64",0.22855013686706308,0.5516469389528654
moca,fingerp,ssi2f,cam1,2,all,fast,small,37.21152052399104,"0       0.000000
1       0.000767
2       0.000026
3       0.042540
4       0.040545
          ...   
2162    7.047540
2163    7.042879
2164    7.039442
2165    7.062985
2166    7.096117
Name: angles, Length: 2167, dtype: float64",0.3057466821685639,0.5341523634404631
moca,fingerp,cg1f,cam1,1,all,slow,small,33.28060492309532,"0       0.000000
1       0.328912
2       0.481794
3       0.613374
4       0.941330
          ...   
2002    7.247987
2003    7.154283
2004    7.330425
2005    7.266759
2006    7.384886
Name: angles, Length: 2007, dtype: float64",0.875104353599281,0.9847155682407969
moca,fingerp,cg1f,cam1,3,all,slow,small,37.092638995810155,"0       0.000000
1       0.082871
2       0.146697
3       0.146697
4       0.187399
          ...   
2210    6.940972
2211    6.951066
2212    6.952234
2213    6.905762
2214    6.945696
Name: angles, Length: 2215, dtype: float64",0.8626770989300537,0.9743089709315034
moca,fingerp,cg1f,cam1,2,all,slow,small,37.54917498128603,"0       0.000000
1       0.817622
2       0.945077
3       0.598403
4       0.608172
          ...   
2039    7.275080
2040    7.333675
2041    7.233224
2042    7.228385
2043    7.271464
Name: angles, Length: 2044, dtype: float64",0.8244504380411017,0.9733984994063771
moca,fingerp,cg1f,cam1,1,all,fast,small,29.008318616522537,"0       0.000000
1       0.954328
2       1.382591
3       1.386111
4       2.056803
          ...   
2033    6.563109
2034    6.562981
2035    6.558611
2036    6.552460
2037    6.544577
Name: angles, Length: 2038, dtype: float64",0.6105619284876564,0.7691303067078651
moca,fingerp,cg1f,cam1,3,all,fast,small,26.12298883434691,"0       0.000000
1       0.054985
2       0.023564
3       0.014501
4       0.039442
          ...   
2327    6.989522
2328    6.999422
2329    6.986122
2330    6.987866
2331    7.014658
Name: angles, Length: 2332, dtype: float64",0.5615168184192803,0.8630542961635301
moca,fingerp,cg1f,cam1,2,all,fast,small,28.07466735160618,"0       0.000000
1       1.836040
2       2.523533
3       3.220223
4       3.541501
          ...   
2119    4.459262
2120    4.460379
2121    4.465328
2122    4.462417
2123    4.456764
Name: angles, Length: 2124, dtype: float64",0.5095676143102259,0.8645488942720346
moca,fingerp,gsp1m,cam1,1,all,slow,small,38.48401344914933,"0        0.000000
1        0.022282
2        0.032977
3        0.070387
4        0.003932
          ...    
2122    25.507224
2123    25.496157
2124    25.479374
2125    25.472147
2126    25.465430
Name: angles, Length: 2127, dtype: float64",0.6674280614512497,0.8992979572476661
moca,fingerp,gsp1m,cam1,3,all,slow,small,60.52370201111792,"0        0.000000
1        0.025736
2        0.028819
3        0.057469
4        0.087496
          ...    
2227    44.775123
2228    44.615331
2229    44.527106
2230    44.505236
2231     3.896288
Name: angles, Length: 2232, dtype: float64",0.5544346319434215,0.9421900088400663
moca,fingerp,gsp1m,cam1,2,all,slow,small,57.797446636763766,"0        0.000000
1        0.057321
2        0.105113
3        0.115678
4        0.010148
          ...    
2185    45.702180
2186    45.419726
2187    45.420473
2188    45.126361
2189    45.111600
Name: angles, Length: 2190, dtype: float64",0.7177496810655627,0.96398677818233
moca,fingerp,gsp1m,cam1,1,all,fast,small,41.81529499980438,"0        0.000000
1        0.009641
2        0.003874
3        0.027884
4        0.014671
          ...    
2193    29.704252
2194    29.678213
2195    29.666816
2196    29.455302
2197    29.374004
Name: angles, Length: 2198, dtype: float64",0.33208096417084587,0.7637113598518749
moca,fingerp,gsp1m,cam1,3,all,fast,small,34.3842687353317,"0        0.000000
1        0.017169
2        0.030591
3        0.053890
4        0.026812
          ...    
2220    16.623059
2221    16.625449
2222    16.727822
2223    16.766531
2224    16.690792
Name: angles, Length: 2225, dtype: float64",0.4147535375811608,0.8718562792737391
moca,fingerp,gsp1m,cam1,2,all,fast,small,41.19691511500148,"0        0.000000
1        0.069319
2        0.029339
3        0.124930
4        0.401444
          ...    
2287    14.209097
2288    14.168251
2289    14.168022
2290    14.166627
2291    14.150161
Name: angles, Length: 2292, dtype: float64",0.5498277423460881,0.7896366093658177
moca,fingerp,ch2m,cam1,1,all,slow,small,54.728052201566506,"0        0.000000
1        0.005305
2        0.024658
3        0.068439
4        0.064743
          ...    
2305    10.970084
2306    10.974536
2307    10.977270
2308    10.963057
2309    11.027368
Name: angles, Length: 2310, dtype: float64",0.6258057115087352,0.9422422826385924
moca,fingerp,ch2m,cam1,3,all,slow,small,41.072038198865485,"0       0.000000
1       0.167308
2       0.103208
3       0.021472
4       0.027606
          ...   
2049    5.105525
2050    5.084164
2051    5.065676
2052    5.084164
2053    5.081296
Name: angles, Length: 2054, dtype: float64",0.6540848165409546,0.8956536685635978
moca,fingerp,ch2m,cam1,2,all,slow,small,37.22956811242397,"0       0.000000
1       0.054342
2       0.076106
3       0.147454
4       0.164469
          ...   
2210    2.896239
2211    2.898707
2212    2.904432
2213    2.917633
2214    2.916763
Name: angles, Length: 2215, dtype: float64",0.658258038131848,0.9194729771603563
moca,fingerp,ch2m,cam1,1,all,fast,small,46.03438942908166,"0        0.000000
1        0.111717
2        0.064932
3        0.049938
4        0.117875
          ...    
2215    17.292200
2216    17.300245
2217    17.288856
2218    17.274931
2219    17.272931
Name: angles, Length: 2220, dtype: float64",0.45233620555121967,0.8615224677505945
moca,fingerp,ch2m,cam1,3,all,fast,small,35.73119854533083,"0       0.000000
1       0.013052
2       0.067067
3       0.040923
4       0.104952
          ...   
2140    2.802840
2141    2.957001
2142    3.178165
2143    3.338491
2144    3.456864
Name: angles, Length: 2145, dtype: float64",0.44035948664831304,0.8446678130043709
moca,fingerp,ch2m,cam1,2,all,fast,small,36.40313364708637,"0       0.000000
1       0.013185
2       0.022437
3       0.022437
4       0.090770
          ...   
2186    9.128914
2187    9.170320
2188    9.178112
2189    9.225343
2190    9.225075
Name: angles, Length: 2191, dtype: float64",0.5725485899557967,0.8450140326823117
moca,shoulderaa,ya3m,cam2,1,all,slow,medium,161.72851440175876,"0         0.000000
1         0.000007
2         0.011180
3         0.045434
4         0.045393
           ...    
2573    125.843944
2574    125.843944
2575    125.843944
2576    126.014455
2577    125.871520
Name: angles, Length: 2578, dtype: float64",0.053144036694751116,0.5070121143957339
moca,shoulderaa,ya3m,cam2,3,all,slow,medium,161.97815192858107,"0         0.000000
1         0.003278
2         0.002606
3         0.008831
4         0.008831
           ...    
2615    142.339543
2616    142.339543
2617    142.339543
2618    142.339543
2619    142.339543
Name: angles, Length: 2620, dtype: float64",0.02726346924902147,0.4846893147543095
moca,shoulderaa,ya3m,cam2,2,all,slow,medium,126.0394603147035,"0         0.000000
1         0.011439
2         0.034355
3         0.034308
4         0.034355
           ...    
2608    123.653127
2609    123.720827
2610    123.515220
2611    123.720827
2612    123.569846
Name: angles, Length: 2613, dtype: float64",0.060101593393943775,0.449247363708001
moca,shoulderaa,ya3m,cam2,1,all,fast,medium,1.29194878788576,"0       0.000000
1       0.103842
2       0.124829
3       0.151228
4       0.113367
          ...   
2117    0.585780
2118    0.544270
2119    0.553862
2120    0.553590
2121    0.554776
Name: angles, Length: 2122, dtype: float64",0.07197076623133342,0.23224415753718128
moca,shoulderaa,ya3m,cam2,3,all,fast,medium,105.98750405791941,"0       0.000000
1       0.000647
2       0.004225
3       0.004225
4       0.004188
          ...   
2588    4.323685
2589    4.323685
2590    4.327189
2591    4.327189
2592    4.324558
Name: angles, Length: 2593, dtype: float64",0.13555436205292778,0.5520099049538816
moca,shoulderaa,ya3m,cam2,2,all,fast,medium,44.79006615818792,"0        0.000000
1        3.810898
2        7.754406
3       11.844194
4       16.164104
          ...    
1927    43.486452
1928    43.496744
1929    43.469064
1930    43.467606
1931    43.467606
Name: angles, Length: 1932, dtype: float64",0.2383559635856371,0.2707624934607795
moca,shoulderaa,ssi2f,cam2,1,all,slow,medium,160.46364386685545,"0       0.000000
1       0.004372
2       0.003684
3       0.006888
4       0.003738
          ...   
2257    0.188847
2258    0.188785
2259    0.159767
2260    0.147516
2261    0.114383
Name: angles, Length: 2262, dtype: float64",0.1707824218612095,0.9573037926154176
moca,shoulderaa,ssi2f,cam2,3,all,slow,medium,144.56782251685414,"0       0.000000
1       0.804260
2       1.656350
3       2.459441
4       3.301867
         ...    
953    14.105293
954    14.091949
955    14.093328
956    14.087524
957    14.087798
Name: angles, Length: 958, dtype: float64",0.0635715254413152,0.8744144297957496
moca,shoulderaa,ssi2f,cam2,2,all,slow,medium,10.767678568440232,"0      0.000000
1      0.081990
2      0.106566
3      0.244043
4      0.382957
        ...    
57    10.705189
58    10.684765
59    10.705843
60    10.745750
61    10.654273
Name: angles, Length: 62, dtype: float64",0.34465734151820887,0.7081894471122505
moca,shoulderaa,ssi2f,cam2,1,all,fast,medium,146.99372131405346,"0        0.000000
1        0.063075
2        0.129166
3        0.184717
4        0.240783
          ...    
2108    17.152995
2109    17.171980
2110    17.160896
2111    17.162861
2112    17.155875
Name: angles, Length: 2113, dtype: float64",0.23553097620997715,0.9232372110387134
moca,shoulderaa,ssi2f,cam2,3,all,fast,medium,130.4460521430887,"0        0.000000
1        0.052227
2        0.083890
3        0.140371
4        0.184995
          ...    
2133    34.877257
2134    34.878527
2135    34.879582
2136    34.880517
2137    34.880189
Name: angles, Length: 2138, dtype: float64",0.22604172223346838,0.8579878970051961
moca,shoulderaa,ssi2f,cam2,2,all,fast,medium,137.97180164722755,"0        0.000000
1        0.000000
2        0.000000
3        2.029558
4        2.029558
          ...    
409    110.229974
410    110.229974
411    110.229974
412    110.229974
413    110.229974
Name: angles, Length: 414, dtype: float64",0.06791664545629877,0.08577561137348001
moca,shoulderaa,cg1f,cam2,1,all,slow,medium,159.06536215474813,"0       0.000000
1       0.000000
2       0.003565
3       0.044000
4       0.061316
          ...   
2273    0.944490
2274    0.924601
2275    0.921423
2276    0.860819
2277    0.823127
Name: angles, Length: 2278, dtype: float64",0.9833442182844714,0.9868758451823081
moca,shoulderaa,cg1f,cam2,3,all,slow,medium,156.40860844697477,"0       0.000000
1       0.079163
2       0.128988
3       0.180663
4       0.237245
          ...   
2156    3.645477
2157    3.629423
2158    3.630288
2159    3.626203
2160    3.577119
Name: angles, Length: 2161, dtype: float64",0.9829032292505612,0.9939878697113772
moca,shoulderaa,cg1f,cam2,2,all,slow,medium,149.16421747092483,"0       0.000000
1       0.025342
2       0.025541
3       0.019784
4       0.025300
          ...   
2272    0.644966
2273    0.646807
2274    0.647042
2275    0.647370
2276    0.663884
Name: angles, Length: 2277, dtype: float64",0.9871596251342115,0.9985933829171381
moca,shoulderaa,cg1f,cam2,1,all,fast,medium,172.8864267992526,"0       0.000000
1       0.000000
2       0.000000
3       0.000000
4       0.000000
          ...   
2105    1.220318
2106    1.220260
2107    1.220801
2108    1.237553
2109    1.237322
Name: angles, Length: 2110, dtype: float64",0.8428073105937917,0.846197481023223
moca,shoulderaa,cg1f,cam2,3,all,fast,medium,174.02626203906445,"0       0.000000
1       0.000000
2       0.000000
3       0.023319
4       0.025161
          ...   
2224    3.558945
2225    3.559142
2226    3.558764
2227    3.514001
2228    3.511214
Name: angles, Length: 2229, dtype: float64",0.7834368181058574,0.8549650200223082
moca,shoulderaa,cg1f,cam2,2,all,fast,medium,173.4970652670586,"0       0.000000
1       0.000000
2       0.000000
3       0.000000
4       0.000000
          ...   
2291    1.289338
2292    1.289338
2293    1.288994
2294    1.289354
2295    1.288533
Name: angles, Length: 2296, dtype: float64",0.833974067962198,0.8332589006188722
moca,shoulderaa,gsp1m,cam2,1,all,slow,medium,164.10748981001782,"0       0.000000
1       0.000000
2       0.000000
3       0.000000
4       0.011270
          ...   
2614    7.131222
2615    7.122005
2616    7.102152
2617    7.088625
2618    7.088625
Name: angles, Length: 2619, dtype: float64",0.427838688425938,0.9980748489664125
moca,shoulderaa,gsp1m,cam2,3,all,slow,medium,161.67695454269975,"0       0.000000
1       0.016174
2       0.050544
3       0.050469
4       0.044673
          ...   
2659    2.723950
2660    2.728083
2661    2.728150
2662    2.728150
2663    2.728150
Name: angles, Length: 2664, dtype: float64",0.2836026682122017,0.8758378450064713
moca,shoulderaa,gsp1m,cam2,2,all,slow,medium,161.15374710647532,"0       0.000000
1       0.000000
2       0.004262
3       0.001413
4       0.000299
          ...   
2456    0.970173
2457    0.960577
2458    0.960577
2459    0.969224
2460    0.988347
Name: angles, Length: 2461, dtype: float64",0.571353343590416,0.9975913671667558
moca,shoulderaa,gsp1m,cam2,1,all,fast,medium,156.9305246974841,"0         0.000000
1         0.039694
2         0.069401
3         0.078102
4         0.084448
           ...    
1871    132.228747
1872    135.894966
1873    135.835844
1874    135.722191
1875    135.494263
Name: angles, Length: 1876, dtype: float64",0.22249532211045797,0.4192375047528224
moca,shoulderaa,gsp1m,cam2,3,all,fast,medium,162.13801869151237,"0       0.000000
1       0.012043
2       0.006832
3       0.006838
4       0.007299
          ...   
2506    0.329314
2507    0.329489
2508    0.349621
2509    0.356843
2510    0.356843
Name: angles, Length: 2511, dtype: float64",0.2993076755984461,0.9504537365256049
moca,shoulderaa,gsp1m,cam2,2,all,fast,medium,164.79739263225835,"0       0.000000
1       0.043761
2       0.039743
3       0.049667
4       0.051398
          ...   
2478    0.920822
2479    0.948870
2480    0.948870
2481    0.992128
2482    1.011350
Name: angles, Length: 2483, dtype: float64",0.15709387486487938,0.8248303349159274
moca,shoulderaa,ch2m,cam2,1,all,slow,medium,158.8137354851183,"0       0.000000
1       0.000000
2       0.000000
3       0.000000
4       0.000000
          ...   
2382    0.016498
2383    0.008327
2384    0.003893
2385    0.003924
2386    0.003915
Name: angles, Length: 2387, dtype: float64",0.9250840023909083,0.98901446864307
moca,shoulderaa,ch2m,cam2,3,all,slow,medium,157.93693303145898,"0       0.000000
1       0.000048
2       0.002314
3       0.002314
4       0.002314
          ...   
2214    1.450545
2215    1.450545
2216    1.450545
2217    1.450364
2218    1.450364
Name: angles, Length: 2219, dtype: float64",0.687197648879897,0.9718657141506221
moca,shoulderaa,ch2m,cam2,2,all,slow,medium,156.27954123648982,"0       0.000000
1       0.000000
2       0.000000
3       0.000000
4       0.009595
          ...   
2331    0.144196
2332    0.144104
2333    0.144132
2334    0.144132
2335    0.156259
Name: angles, Length: 2336, dtype: float64",0.1171416328992339,0.9530289453478179
moca,shoulderaa,ch2m,cam2,1,all,fast,medium,154.89343130879865,"0       0.000000
1       0.000000
2       0.000000
3       0.010708
4       0.010708
          ...   
2352    3.174238
2353    3.154969
2354    3.109952
2355    3.109952
2356    3.073985
Name: angles, Length: 2357, dtype: float64",0.3166356938518724,0.9199005732652741
moca,shoulderaa,ch2m,cam2,3,all,fast,medium,157.87470296585255,"0       0.000000
1       0.007407
2       0.016560
3       0.025407
4       0.025407
          ...   
2187    3.269274
2188    3.236339
2189    3.230756
2190    3.208387
2191    3.186280
Name: angles, Length: 2192, dtype: float64",0.47710922191774946,0.9729505343069186
moca,shoulderaa,ch2m,cam2,2,all,fast,medium,158.4994021218157,"0       0.000000
1       0.006968
2       0.039697
3       0.038813
4       0.052565
          ...   
2329    0.218074
2330    0.218074
2331    0.218074
2332    0.218039
2333    0.190890
Name: angles, Length: 2334, dtype: float64",0.3957580618100687,0.957824861871355
moca,shoulderaa,es3f,cam2,1,all,slow,medium,149.45984438403127,"0         0.000000
1         0.000000
2         0.000000
3         0.000000
4         0.000000
           ...    
2073    124.542081
2074    124.569562
2075    124.542081
2076    124.520056
2077    124.542081
Name: angles, Length: 2078, dtype: float64",0.29545268649887474,0.4402440989041115
moca,shoulderaa,es3f,cam2,3,all,slow,medium,160.4248592217227,"0       0.000000
1       0.000000
2       0.014193
3       0.022896
4       0.035736
          ...   
2856    8.955762
2857    8.954862
2858    8.954862
2859    8.956850
2860    8.959122
Name: angles, Length: 2861, dtype: float64",0.11355187049323222,0.9392520971290056
moca,shoulderaa,es3f,cam2,2,all,slow,medium,2.6339170595422408,"0       0.000000
1       0.000000
2       0.000000
3       0.000000
4       0.000000
          ...   
1648    0.242018
1649    0.237829
1650    0.237829
1651    0.234850
1652    0.233499
Name: angles, Length: 1653, dtype: float64",0.03600066707398556,0.5391799022859314
moca,shoulderaa,es3f,cam2,1,all,fast,medium,178.402715104059,"0       0.000000
1       0.000620
2       0.000748
3       0.068528
4       0.184883
          ...   
2634    0.570517
2635    0.462450
2636    0.462450
2637    0.462450
2638    0.471921
Name: angles, Length: 2639, dtype: float64",0.15962028935147243,0.8204759784879414
moca,shoulderaa,es3f,cam2,3,all,fast,medium,159.9917498505027,"0       0.000000
1       0.000000
2       0.001193
3       0.001975
4       0.002412
          ...   
2679    0.710457
2680    0.710006
2681    0.711046
2682    0.702873
2683    0.702873
Name: angles, Length: 2684, dtype: float64",0.21343192432932312,0.9379544975459303
moca,shoulderaa,es3f,cam2,2,all,fast,medium,2.91657235483494,"0       0.000000
1       0.053413
2       0.035104
3       0.035104
4       0.047045
          ...   
2454    0.212782
2455    0.206549
2456    0.206549
2457    0.217641
2458    0.217641
Name: angles, Length: 2459, dtype: float64",0.024551268887124122,0.42101964584870927
